{
  "head": {
    "docType": "4",
    "editorVersion": "6.5.3",
    "newgId": true,
    "c_para": {
      "package": "GAS-1",
      "pre": "U?",
      "Contributor": "lekee085",
      "link": ""
    },
    "hasIdFlag": true,
    "x": 4000,
    "y": 3000,
    "uuid": "c4e150d73aa54c8d9ffcbd60cfcd14dc",
    "utime": 1649467227,
    "importFlag": 0,
    "transformList": ""
  },
  "canvas": "CA~1000~1000~#000000~yes~#FFFFFF~11.811024~1000~1000~line~5.905512~mm~1~45~visible~0.5~4000~3000~0~none",
  "shape": [
    "CIRCLE~4005.906~3005.906~23.622~1.5748~3~gge115~0~~",
    "PAD~RECT~4000~3000~7.874~7.874~11~~1~1.9685~3996.063 2996.063 4003.937 2996.063 4003.937 3003.937 3996.063 3003.937~0~gge28~0~~Y~0~~~4000,3000",
    "PAD~ELLIPSE~4000~3011.811~7.874~7.874~11~~2~1.9685~~0~gge58~0~~Y~0~~~4000,3011.811",
    "PAD~ELLIPSE~4011.811~3011.811~7.874~7.874~11~~3~1.9685~~0~gge76~0~~Y~0~~~4011.811,3011.811",
    "PAD~ELLIPSE~4011.811~3000~7.874~7.874~11~~4~1.9685~~0~gge94~0~~Y~0~~~4011.811,3000"
  ],
  "layers": [
    "1~TopLayer~#FF0000~true~false~true~",
    "2~BottomLayer~#0000FF~true~false~true~",
    "3~TopSilkLayer~#FFCC00~true~true~true~",
    "4~BottomSilkLayer~#66CC33~true~false~true~",
    "5~TopPasteMaskLayer~#808080~true~false~true~",
    "6~BottomPasteMaskLayer~#800000~true~false~true~",
    "7~TopSolderMaskLayer~#800080~true~false~true~0.3",
    "8~BottomSolderMaskLayer~#AA00FF~true~false~true~0.3",
    "9~Ratlines~#6464FF~false~false~true~",
    "10~BoardOutLine~#FF00FF~true~false~true~",
    "11~Multi-Layer~#C0C0C0~true~false~true~",
    "12~Document~#FFFFFF~true~false~true~",
    "13~TopAssembly~#33CC99~true~false~true~",
    "14~BottomAssembly~#5555FF~true~false~true~",
    "15~Mechanical~#F022F0~true~false~true~",
    "19~3DModel~#66CCFF~true~false~true~",
    "21~Inner1~#999966~false~false~false~~",
    "22~Inner2~#008000~false~false~false~~",
    "23~Inner3~#00FF00~false~false~false~~",
    "24~Inner4~#BC8E00~false~false~false~~",
    "25~Inner5~#70DBFA~false~false~false~~",
    "26~Inner6~#00CC66~false~false~false~~",
    "27~Inner7~#9966FF~false~false~false~~",
    "28~Inner8~#800080~false~false~false~~",
    "29~Inner9~#008080~false~false~false~~",
    "30~Inner10~#15935F~false~false~false~~",
    "31~Inner11~#000080~false~false~false~~",
    "32~Inner12~#00B400~false~false~false~~",
    "33~Inner13~#2E4756~false~false~false~~",
    "34~Inner14~#99842F~false~false~false~~",
    "35~Inner15~#FFFFAA~false~false~false~~",
    "36~Inner16~#99842F~false~false~false~~",
    "37~Inner17~#2E4756~false~false~false~~",
    "38~Inner18~#3535FF~false~false~false~~",
    "39~Inner19~#8000BC~false~false~false~~",
    "40~Inner20~#43AE5F~false~false~false~~",
    "41~Inner21~#C3ECCE~false~false~false~~",
    "42~Inner22~#728978~false~false~false~~",
    "43~Inner23~#39503F~false~false~false~~",
    "44~Inner24~#0C715D~false~false~false~~",
    "45~Inner25~#5A8A80~false~false~false~~",
    "46~Inner26~#2B937E~false~false~false~~",
    "47~Inner27~#23999D~false~false~false~~",
    "48~Inner28~#45B4E3~false~false~false~~",
    "49~Inner29~#215DA1~false~false~false~~",
    "50~Inner30~#4564D7~false~false~false~~",
    "51~Inner31~#6969E9~false~false~false~~",
    "52~Inner32~#9069E9~false~false~false~~",
    "99~ComponentShapeLayer~#00CCCC~true~false~true~0.4",
    "100~LeadShapeLayer~#CC9999~true~false~true~",
    "101~ComponentMarkingLayer~#66FFCC~true~false~true~",
    "Hole~Hole~#222222~false~false~true~",
    "DRCError~DRCError~#FAD609~false~false~true~"
  ],
  "objects": [
    "All~true~false",
    "Component~true~true",
    "Prefix~true~true",
    "Name~true~false",
    "Track~true~true",
    "Pad~true~true",
    "Via~true~true",
    "Hole~true~true",
    "Copper_Area~true~true",
    "Circle~true~true",
    "Arc~true~true",
    "Solid_Region~true~true",
    "Text~true~true",
    "Image~true~true",
    "Rect~true~true",
    "Dimension~true~true",
    "Protractor~true~true"
  ],
  "BBox": {
    "x": 3982.3,
    "y": 2982.3,
    "width": 47.2,
    "height": 47.2
  }
}