{
  "head": {
    "docType": "4",
    "editorVersion": "6.5.5",
    "newgId": true,
    "c_para": {
      "package": "BW-SOP-8",
      "pre": "U?",
      "Contributor": "lekee085",
      "link": ""
    },
    "hasIdFlag": true,
    "x": 4000,
    "y": 3000
  },
  "canvas": "CA~1000~1000~#000000~yes~#FFFFFF~3.937~1000~1000~line~0.3937~mm~1~45~~0.5~4000~3000~0~none",
  "shape": [
    "PAD~OVAL~4000~3000~7.874~3.1496~1~~1~0~4002.3622 3000 3997.6378 3000~180~gge16~0~~Y~0~~~4000,3000",
    "PAD~OVAL~4000~3007.874~7.874~3.1496~1~~2~0~4002.3622 3007.874 3997.6378 3007.874~180~gge130~0~~Y~0~~~4000,3007.874",
    "PAD~OVAL~4000~3015.748~7.874~3.1496~1~~3~0~4002.3622 3015.748 3997.6378 3015.748~180~gge154~0~~Y~0~~~4000,3015.748",
    "PAD~OVAL~4000~3023.622~7.874~3.1496~1~~4~0~4002.3622 3023.622 3997.6378 3023.622~180~gge178~0~~Y~0~~~4000,3023.622",
    "PAD~OVAL~4023.622~3023.622~7.874~3.1496~1~~5~0~4025.9842 3023.622 4021.2598 3023.622~180~gge202~0~~Y~0~~~4023.622,3023.622",
    "PAD~OVAL~4023.622~3015.748~7.874~3.1496~1~~6~0~4025.9842 3015.748 4021.2598 3015.748~180~gge226~0~~Y~0~~~4023.622,3015.748",
    "PAD~OVAL~4023.622~3007.874~7.874~3.1496~1~~7~0~4025.9842 3007.874 4021.2598 3007.874~180~gge250~0~~Y~0~~~4023.622,3007.874",
    "PAD~OVAL~4023.622~3000~7.874~3.1496~1~~8~0~4025.9842 3000 4021.2598 3000~180~gge274~0~~Y~0~~~4023.622,3000",
    "TRACK~1~3~~4014.5372 2998.43 4018.5 2998.43~gge362~0",
    "TRACK~1~3~~4009.0348 2998.43 4005.12 2998.43~gge356~0",
    "TRACK~1~3~S$344~4005.12 2998.43 4005.12 3025.2 4018.5 3025.2 4018.5 2998.43~gge340~0",
    "ARC~1~3~S$344~M4009.0348,2998.43 A2.7512,2.7512 0 1 0 4014.5372,2998.43~~gge343~0"
  ],
  "layers": [
    "1~TopLayer~#FF0000~true~false~true~",
    "2~BottomLayer~#0000FF~true~false~true~",
    "3~TopSilkLayer~#FFCC00~true~true~true~",
    "4~BottomSilkLayer~#66CC33~true~false~true~",
    "5~TopPasteMaskLayer~#808080~true~false~true~",
    "6~BottomPasteMaskLayer~#800000~true~false~true~",
    "7~TopSolderMaskLayer~#800080~true~false~true~0.3",
    "8~BottomSolderMaskLayer~#AA00FF~true~false~true~0.3",
    "9~Ratlines~#6464FF~false~false~true~",
    "10~BoardOutLine~#FF00FF~true~false~true~",
    "11~Multi-Layer~#C0C0C0~true~false~true~",
    "12~Document~#FFFFFF~true~false~true~",
    "13~TopAssembly~#33CC99~true~false~true~",
    "14~BottomAssembly~#5555FF~true~false~true~",
    "15~Mechanical~#F022F0~true~false~true~",
    "19~3DModel~#66CCFF~true~false~true~",
    "21~Inner1~#999966~false~false~false~~",
    "22~Inner2~#008000~false~false~false~~",
    "23~Inner3~#00FF00~false~false~false~~",
    "24~Inner4~#BC8E00~false~false~false~~",
    "25~Inner5~#70DBFA~false~false~false~~",
    "26~Inner6~#00CC66~false~false~false~~",
    "27~Inner7~#9966FF~false~false~false~~",
    "28~Inner8~#800080~false~false~false~~",
    "29~Inner9~#008080~false~false~false~~",
    "30~Inner10~#15935F~false~false~false~~",
    "31~Inner11~#000080~false~false~false~~",
    "32~Inner12~#00B400~false~false~false~~",
    "33~Inner13~#2E4756~false~false~false~~",
    "34~Inner14~#99842F~false~false~false~~",
    "35~Inner15~#FFFFAA~false~false~false~~",
    "36~Inner16~#99842F~false~false~false~~",
    "37~Inner17~#2E4756~false~false~false~~",
    "38~Inner18~#3535FF~false~false~false~~",
    "39~Inner19~#8000BC~false~false~false~~",
    "40~Inner20~#43AE5F~false~false~false~~",
    "41~Inner21~#C3ECCE~false~false~false~~",
    "42~Inner22~#728978~false~false~false~~",
    "43~Inner23~#39503F~false~false~false~~",
    "44~Inner24~#0C715D~false~false~false~~",
    "45~Inner25~#5A8A80~false~false~false~~",
    "46~Inner26~#2B937E~false~false~false~~",
    "47~Inner27~#23999D~false~false~false~~",
    "48~Inner28~#45B4E3~false~false~false~~",
    "49~Inner29~#215DA1~false~false~false~~",
    "50~Inner30~#4564D7~false~false~false~~",
    "51~Inner31~#6969E9~false~false~false~~",
    "52~Inner32~#9069E9~false~false~false~~",
    "99~ComponentShapeLayer~#00CCCC~true~false~true~0.4",
    "100~LeadShapeLayer~#CC9999~true~false~true~",
    "101~ComponentMarkingLayer~#66FFCC~true~false~true~",
    "Hole~Hole~#222222~~false~true~",
    "DRCError~DRCError~#FAD609~~false~true~"
  ],
  "objects": [
    "All~true~false",
    "Component~true~true",
    "Prefix~true~true",
    "Name~true~false",
    "Track~true~true",
    "Pad~true~true",
    "Via~true~true",
    "Hole~true~true",
    "Copper_Area~true~true",
    "Circle~true~true",
    "Arc~true~true",
    "Solid_Region~true~true",
    "Text~true~true",
    "Image~true~true",
    "Rect~true~true",
    "Dimension~true~true",
    "Protractor~true~true"
  ],
  "BBox": {
    "x": 3983.1,
    "y": 2986.9,
    "width": 61.4,
    "height": 43.2
  },
  "netColors": {}
}