{
  "head": {
    "docType": "4",
    "editorVersion": "6.5.5",
    "newgId": true,
    "c_para": {
      "package": "OP-4",
      "pre": "U?",
      "Contributor": "lekee085",
      "link": ""
    },
    "hasIdFlag": true,
    "x": 4000,
    "y": 3000
  },
  "canvas": "CA~1000~1000~#000000~yes~#FFFFFF~3.937~1000~1000~line~0.3937~mm~0.7874~45~~0.5~4000~3000~0~none",
  "shape": [
    "PAD~OVAL~4000~3000~7.874~3.937~1~~1~0~3998.0315 3000 4001.9685 3000~0~gge16~0~~Y~0~~~4000,3000",
    "PAD~RECT~4000~3007.874~7.874~3.937~1~~2~0~3996.063 3005.9055 4003.937 3005.9055 4003.937 3009.8425 3996.063 3009.8425~0~gge52~0~~Y~0~~~4000,3007.874",
    "PAD~RECT~4031.496~3007.874~7.874~3.937~1~~3~0~4027.559 3005.9055 4035.433 3005.9055 4035.433 3009.8425 4027.559 3009.8425~0~gge76~0~~Y~0~~~4031.496,3007.874",
    "PAD~RECT~4031.496~3000~7.874~3.937~1~~4~0~4027.559 2998.0315 4035.433 2998.0315 4035.433 3001.9685 4027.559 3001.9685~0~gge100~0~~Y~0~~~4031.496,3000",
    "TRACK~0.7874~3~~4005.5118 2997.6378 4025.9842 2997.6378 4025.9842 3011.0236 4005.5118 3011.0236 4005.5118 2997.6378~gge130~0",
    "CIRCLE~4008.6614~3000.7874~0.7874~1.5748~3~gge133~0~~"
  ],
  "layers": [
    "1~TopLayer~#FF0000~true~false~true~",
    "2~BottomLayer~#0000FF~true~false~true~",
    "3~TopSilkLayer~#FFCC00~true~true~true~",
    "4~BottomSilkLayer~#66CC33~true~false~true~",
    "5~TopPasteMaskLayer~#808080~true~false~true~",
    "6~BottomPasteMaskLayer~#800000~true~false~true~",
    "7~TopSolderMaskLayer~#800080~true~false~true~0.3",
    "8~BottomSolderMaskLayer~#AA00FF~true~false~true~0.3",
    "9~Ratlines~#6464FF~false~false~true~",
    "10~BoardOutLine~#FF00FF~true~false~true~",
    "11~Multi-Layer~#C0C0C0~true~false~true~",
    "12~Document~#FFFFFF~true~false~true~",
    "13~TopAssembly~#33CC99~true~false~true~",
    "14~BottomAssembly~#5555FF~true~false~true~",
    "15~Mechanical~#F022F0~true~false~true~",
    "19~3DModel~#66CCFF~true~false~true~",
    "21~Inner1~#999966~false~false~false~~",
    "22~Inner2~#008000~false~false~false~~",
    "23~Inner3~#00FF00~false~false~false~~",
    "24~Inner4~#BC8E00~false~false~false~~",
    "25~Inner5~#70DBFA~false~false~false~~",
    "26~Inner6~#00CC66~false~false~false~~",
    "27~Inner7~#9966FF~false~false~false~~",
    "28~Inner8~#800080~false~false~false~~",
    "29~Inner9~#008080~false~false~false~~",
    "30~Inner10~#15935F~false~false~false~~",
    "31~Inner11~#000080~false~false~false~~",
    "32~Inner12~#00B400~false~false~false~~",
    "33~Inner13~#2E4756~false~false~false~~",
    "34~Inner14~#99842F~false~false~false~~",
    "35~Inner15~#FFFFAA~false~false~false~~",
    "36~Inner16~#99842F~false~false~false~~",
    "37~Inner17~#2E4756~false~false~false~~",
    "38~Inner18~#3535FF~false~false~false~~",
    "39~Inner19~#8000BC~false~false~false~~",
    "40~Inner20~#43AE5F~false~false~false~~",
    "41~Inner21~#C3ECCE~false~false~false~~",
    "42~Inner22~#728978~false~false~false~~",
    "43~Inner23~#39503F~false~false~false~~",
    "44~Inner24~#0C715D~false~false~false~~",
    "45~Inner25~#5A8A80~false~false~false~~",
    "46~Inner26~#2B937E~false~false~false~~",
    "47~Inner27~#23999D~false~false~false~~",
    "48~Inner28~#45B4E3~false~false~false~~",
    "49~Inner29~#215DA1~false~false~false~~",
    "50~Inner30~#4564D7~false~false~false~~",
    "51~Inner31~#6969E9~false~false~false~~",
    "52~Inner32~#9069E9~false~false~false~~",
    "99~ComponentShapeLayer~#00CCCC~true~false~true~0.4",
    "100~LeadShapeLayer~#CC9999~true~false~true~",
    "101~ComponentMarkingLayer~#66FFCC~true~false~true~",
    "Hole~Hole~#222222~~false~true~",
    "DRCError~DRCError~#FAD609~~false~true~"
  ],
  "objects": [
    "All~true~false",
    "Component~true~true",
    "Prefix~true~true",
    "Name~true~false",
    "Track~true~true",
    "Pad~true~true",
    "Via~true~true",
    "Hole~true~true",
    "Copper_Area~true~true",
    "Circle~true~true",
    "Arc~true~true",
    "Solid_Region~true~true",
    "Text~true~true",
    "Image~true~true",
    "Rect~true~true",
    "Dimension~true~true",
    "Protractor~true~true"
  ],
  "BBox": {
    "x": 3981.6,
    "y": 2986.1,
    "width": 72.5,
    "height": 29.8
  },
  "netColors": {}
}